Date,Open,High,Low,Close,Adj Close,Volume
2022-05-02,10.039999961853027,10.883399963378906,8.239999771118164,9.25,9.25,103267
2022-05-03,9.359299659729004,10.163200378417969,8.719900131225586,8.979999542236328,8.979999542236328,83083
2022-05-04,8.65999984741211,9.0,8.260000228881836,8.866999626159668,8.866999626159668,64996
2022-05-05,8.399999618530273,9.420000076293945,6.565000057220459,6.780200004577637,6.780200004577637,183921
2022-05-06,6.75,6.75,4.849999904632568,5.25,5.25,241779
2022-05-09,4.579999923706055,5.320000171661377,4.550000190734863,4.869999885559082,4.869999885559082,75256
2022-05-10,5.119999885559082,5.9390997886657715,4.75,5.199999809265137,5.199999809265137,80414
2022-05-11,5.21999979019165,5.739999771118164,4.5,5.099999904632568,5.099999904632568,90296
2022-05-12,5.309999942779541,5.789999961853027,5.010000228881836,5.469900131225586,5.469900131225586,41399
2022-05-13,6.0,6.0,5.099999904632568,5.267499923706055,5.267499923706055,66259
2022-05-16,5.293099880218506,5.692399978637695,5.210000038146973,5.519999980926514,5.519999980926514,49051
2022-05-17,5.46999979019165,5.962800025939941,5.25,5.510000228881836,5.510000228881836,65489
2022-05-18,5.800000190734863,6.300000190734863,5.769999980926514,5.949999809265137,5.949999809265137,47121
2022-05-19,6.460000038146973,6.900000095367432,6.099999904632568,6.300000190734863,6.300000190734863,30967
2022-05-20,6.150000095367432,6.539999961853027,5.650000095367432,6.1585001945495605,6.1585001945495605,63362
2022-05-23,6.40369987487793,6.40369987487793,5.699999809265137,6.2322998046875,6.2322998046875,34824
2022-05-24,6.0,6.119999885559082,5.460000038146973,6.047900199890137,6.047900199890137,39554
2022-05-25,5.840000152587891,5.948500156402588,5.5,5.639999866485596,5.639999866485596,48300
2022-05-26,5.559999942779541,5.980000019073486,5.210000038146973,5.300000190734863,5.300000190734863,126091
2022-05-27,5.369999885559082,5.579999923706055,4.600100040435791,5.29449987411499,5.29449987411499,206849
2022-05-31,5.230000019073486,5.570000171661377,5.190000057220459,5.21999979019165,5.21999979019165,34483
2022-06-01,5.449999809265137,5.639999866485596,5.090000152587891,5.25,5.25,69577
2022-06-02,5.150000095367432,5.514699935913086,4.800000190734863,5.230000019073486,5.230000019073486,59268
2022-06-03,5.432499885559082,5.432499885559082,4.909999847412109,5.0,5.0,30475
2022-06-06,5.0,5.840000152587891,4.949999809265137,5.130000114440918,5.130000114440918,56923
2022-06-07,4.96999979019165,5.3719000816345215,4.847400188446045,4.900000095367432,4.900000095367432,71506
2022-06-08,5.0,5.130000114440918,4.809999942779541,4.809999942779541,4.809999942779541,29445
2022-06-09,4.900000095367432,5.076300144195557,4.199999809265137,4.300000190734863,4.300000190734863,76792
2022-06-10,4.170000076293945,4.559999942779541,3.950000047683716,4.139999866485596,4.139999866485596,79122
2022-06-13,3.9000000953674316,4.120200157165527,3.6600000858306885,3.8399999141693115,3.8399999141693115,60548
2022-06-14,4.079999923706055,4.479499816894531,3.700000047683716,3.7799999713897705,3.7799999713897705,216909
2022-06-15,3.799999952316284,4.160399913787842,3.7300000190734863,4.025000095367432,4.025000095367432,32220
2022-06-16,4.019999980926514,4.320000171661377,3.75,3.819999933242798,3.819999933242798,53430
2022-06-17,4.03000020980835,4.173500061035156,3.799999952316284,3.799999952316284,3.799999952316284,4343
2022-06-21,3.759999990463257,4.5,3.759999990463257,3.9600000381469727,3.9600000381469727,97693
2022-06-22,3.8399999141693115,4.587299823760986,3.799999952316284,3.809999942779541,3.809999942779541,20797
2022-06-23,4.107500076293945,4.107500076293945,3.75,3.7699999809265137,3.7699999809265137,11640
2022-06-24,4.051199913024902,4.051199913024902,3.702699899673462,3.9700000286102295,3.9700000286102295,32682
2022-06-27,4.049900054931641,4.049900054931641,3.9000000953674316,3.930000066757202,3.930000066757202,1970
2022-06-28,4.007699966430664,4.020299911499023,3.8499999046325684,3.9000000953674316,3.9000000953674316,4461
2022-06-29,3.9646999835968018,4.085299968719482,3.9200000762939453,4.019999980926514,4.019999980926514,3895
2022-06-30,4.354800224304199,4.354800224304199,3.9000000953674316,4.010000228881836,4.010000228881836,7273
2022-07-01,3.9909000396728516,4.320000171661377,3.819999933242798,4.190000057220459,4.190000057220459,38225
2022-07-05,3.7200000286102295,4.039999961853027,3.299999952316284,3.799999952316284,3.799999952316284,33277
2022-07-06,3.8921000957489014,3.9100000858306885,3.8499999046325684,3.8499999046325684,3.8499999046325684,2245
2022-07-07,3.9863998889923096,3.990000009536743,3.799999952316284,3.990000009536743,3.990000009536743,7843
2022-07-08,3.9855000972747803,3.9855000972747803,3.799999952316284,3.9700000286102295,3.9700000286102295,10477
2022-07-11,3.9964001178741455,3.9964001178741455,3.9000000953674316,3.9739999771118164,3.9739999771118164,1538
2022-07-12,4.214000225067139,4.214000225067139,3.800100088119507,3.978100061416626,3.978100061416626,4279
2022-07-13,4.309299945831299,4.309299945831299,3.8557000160217285,3.988100051879883,3.988100051879883,2813
2022-07-14,4.165900230407715,4.165900230407715,4.059999942779541,4.099999904632568,4.099999904632568,1360
2022-07-15,4.176300048828125,4.176300048828125,4.159999847412109,4.159999847412109,4.159999847412109,554
2022-07-18,4.218599796295166,4.249899864196777,4.018400192260742,4.179599761962891,4.179599761962891,6731
2022-07-19,4.229599952697754,4.96999979019165,4.010000228881836,4.760000228881836,4.760000228881836,8625
2022-07-20,4.998000144958496,5.0,4.75,4.900000095367432,4.900000095367432,5431
2022-07-21,4.949999809265137,5.223299980163574,4.550000190734863,5.061600208282471,5.061600208282471,8810
2022-07-22,4.800000190734863,5.043000221252441,4.800000190734863,5.0142998695373535,5.0142998695373535,2472
2022-07-25,5.401100158691406,5.401100158691406,5.260000228881836,5.260000228881836,5.260000228881836,1005
2022-07-26,5.307499885559082,5.307499885559082,5.0,5.139999866485596,5.139999866485596,3310
2022-07-27,5.050000190734863,5.433199882507324,5.0,5.380000114440918,5.380000114440918,2533
2022-07-28,5.539999961853027,5.539999961853027,5.3815999031066895,5.389999866485596,5.389999866485596,3935
2022-07-29,5.886000156402588,6.997300148010254,5.739999771118164,6.139999866485596,6.139999866485596,76550
2022-08-01,7.159999847412109,7.199999809265137,5.960000038146973,6.860000133514404,6.860000133514404,30675
2022-08-02,7.349999904632568,7.349999904632568,6.010000228881836,7.320000171661377,7.320000171661377,72999
2022-08-03,7.070000171661377,7.130000114440918,6.480000019073486,6.610000133514404,6.610000133514404,24328
2022-08-04,6.809999942779541,6.860899925231934,5.389999866485596,5.634500026702881,5.634500026702881,20482
2022-08-05,5.539999961853027,5.880000114440918,5.25,5.791200160980225,5.791200160980225,51426
2022-08-08,5.820000171661377,6.422100067138672,5.409999847412109,5.979300022125244,5.979300022125244,71333
2022-08-09,6.400000095367432,10.490599632263184,5.239999771118164,5.394700050354004,5.394700050354004,1890474
2022-08-10,4.920000076293945,5.267399787902832,4.480000019073486,4.929999828338623,4.929999828338623,111934
2022-08-11,4.570000171661377,5.03000020980835,4.289999961853027,4.800000190734863,4.800000190734863,67802
2022-08-12,4.711999893188477,5.03000020980835,4.360000133514404,4.869999885559082,4.869999885559082,79697
2022-08-15,4.849999904632568,5.989999771118164,4.670000076293945,5.630000114440918,5.630000114440918,127377
2022-08-16,5.489999771118164,6.550000190734863,5.079999923706055,5.880000114440918,5.880000114440918,121777
2022-08-17,6.099999904632568,6.5,5.659999847412109,5.829999923706055,5.829999923706055,94846
2022-08-18,6.409999847412109,6.409999847412109,5.25,6.111199855804443,6.111199855804443,136757
2022-08-19,5.940700054168701,6.340000152587891,5.473199844360352,6.340000152587891,6.340000152587891,80060
2022-08-22,6.150000095367432,6.420000076293945,5.849999904632568,6.119999885559082,6.119999885559082,76812
2022-08-23,5.889999866485596,6.333799839019775,5.690000057220459,6.170000076293945,6.170000076293945,119584
2022-08-24,6.590000152587891,6.590000152587891,5.75,6.25,6.25,169593
2022-08-25,6.159999847412109,6.230000019073486,5.769999980926514,5.900000095367432,5.900000095367432,131188
2022-08-26,6.200399875640869,6.25,5.800000190734863,6.199999809265137,6.199999809265137,127193
2022-08-29,6.03000020980835,6.139999866485596,5.460000038146973,5.650000095367432,5.650000095367432,155232
2022-08-30,5.659999847412109,6.230000019073486,5.425000190734863,5.619999885559082,5.619999885559082,45381
2022-08-31,5.739999771118164,6.119800090789795,5.304999828338623,5.570000171661377,5.570000171661377,91840
2022-09-01,5.840000152587891,5.840000152587891,4.650000095367432,5.0,5.0,146687
2022-09-02,5.0,5.559899806976318,4.969900131225586,5.190000057220459,5.190000057220459,128768
2022-09-06,5.099999904632568,5.510000228881836,4.619999885559082,4.699999809265137,4.699999809265137,142202
2022-09-07,4.838500022888184,5.840000152587891,4.440100193023682,5.420000076293945,5.420000076293945,230063
2022-09-08,5.150000095367432,6.139999866485596,4.949999809265137,5.760000228881836,5.760000228881836,203510
2022-09-09,5.829999923706055,6.402100086212158,5.485000133514404,5.639999866485596,5.639999866485596,224122
2022-09-12,5.53000020980835,5.842700004577637,5.300000190734863,5.539999961853027,5.539999961853027,173943
2022-09-13,5.269999980926514,5.701900005340576,5.170000076293945,5.46999979019165,5.46999979019165,28031
2022-09-14,5.663400173187256,5.697400093078613,5.300000190734863,5.369999885559082,5.369999885559082,35651
2022-09-15,5.130000114440918,6.150000095367432,5.130000114440918,5.940000057220459,5.940000057220459,111998
2022-09-16,5.829999923706055,6.300099849700928,5.659999847412109,5.861100196838379,5.861100196838379,79318
2022-09-19,5.599999904632568,6.329999923706055,5.599999904632568,6.230000019073486,6.230000019073486,726034
2022-09-20,5.96999979019165,6.787300109863281,5.804999828338623,6.679999828338623,6.679999828338623,702116
2022-09-21,6.369999885559082,7.25,6.050000190734863,6.800000190734863,6.800000190734863,592202
2022-09-22,6.440000057220459,7.0,6.269999980926514,6.449999809265137,6.449999809265137,800343
2022-09-23,6.579999923706055,6.880000114440918,6.0,6.489999771118164,6.489999771118164,709472
2022-09-26,6.789999961853027,6.789999961853027,4.769999980926514,4.769999980926514,4.769999980926514,796617
2022-09-27,4.860000133514404,5.449999809265137,4.0,4.190000057220459,4.190000057220459,872406
2022-09-28,4.010000228881836,4.110000133514404,2.821199893951416,3.059999942779541,3.059999942779541,1180327
2022-09-29,2.930000066757202,3.3299999237060547,2.2300000190734863,2.259999990463257,2.259999990463257,1047636
2022-09-30,2.630000114440918,3.529900074005127,2.309999942779541,3.240000009536743,3.240000009536743,5343945
2022-10-03,2.799999952316284,3.4100000858306885,2.7799999713897705,3.1700000762939453,3.1700000762939453,252457
2022-10-04,3.0999999046325684,4.099999904632568,3.0999999046325684,3.859999895095825,3.859999895095825,218726
2022-10-05,3.7699999809265137,3.8798999786376953,3.5799999237060547,3.75,3.75,35050
2022-10-06,3.3499999046325684,5.0,3.3499999046325684,4.889999866485596,4.889999866485596,179773
2022-10-07,4.809999942779541,5.230000019073486,4.809999942779541,5.010000228881836,5.010000228881836,37210
2022-10-10,4.960000038146973,4.960000038146973,4.380000114440918,4.440000057220459,4.440000057220459,63546
2022-10-11,4.440000057220459,4.440000057220459,3.8399999141693115,4.070000171661377,4.070000171661377,38782
2022-10-12,4.0,4.380000114440918,3.740000009536743,3.8399999141693115,3.8399999141693115,75186
2022-10-13,3.8413000106811523,4.230000019073486,3.509999990463257,3.5799999237060547,3.5799999237060547,79053
2022-10-14,3.75,3.75,3.3589000701904297,3.440000057220459,3.440000057220459,65879
2022-10-17,3.4800000190734863,3.4800000190734863,3.281100034713745,3.450000047683716,3.450000047683716,25339
2022-10-18,3.3499999046325684,3.549999952316284,3.049999952316284,3.0999999046325684,3.0999999046325684,32034
2022-10-19,2.880000114440918,3.390000104904175,2.880000114440918,3.0299999713897705,3.0299999713897705,41447
2022-10-20,3.369999885559082,3.369999885559082,2.819999933242798,2.890000104904175,2.890000104904175,30758
2022-10-21,2.75,3.0392000675201416,2.619999885559082,3.0,3.0,210460
2022-10-24,2.7100000381469727,3.740000009536743,2.619999885559082,2.8499999046325684,2.8499999046325684,135155
2022-10-25,3.0199999809265137,3.0899999141693115,2.690000057220459,2.7100000381469727,2.7100000381469727,62515
2022-10-26,2.640000104904175,2.799999952316284,2.640000104904175,2.7881999015808105,2.7881999015808105,66564
2022-10-27,2.75,2.869999885559082,2.609999895095825,2.609999895095825,2.609999895095825,62486
2022-10-28,2.690000057220459,2.7149999141693115,2.3299999237060547,2.3299999237060547,2.3299999237060547,281553
2022-10-31,2.4200000762939453,2.4200000762939453,2.2400999069213867,2.299999952316284,2.299999952316284,30199
2022-11-01,2.299999952316284,2.390000104904175,2.259999990463257,2.299999952316284,2.299999952316284,84643
2022-11-02,2.3301000595092773,2.3550000190734863,2.0999999046325684,2.0999999046325684,2.0999999046325684,59386
2022-11-03,2.200000047683716,2.200000047683716,2.0299999713897705,2.059999942779541,2.059999942779541,54015
2022-11-04,2.1500000953674316,2.390000104904175,2.0703999996185303,2.319999933242798,2.319999933242798,16361
2022-11-07,2.423099994659424,2.505000114440918,2.423099994659424,2.505000114440918,2.505000114440918,1309
2022-11-08,2.490000009536743,2.609999895095825,2.4600000381469727,2.490000009536743,2.490000009536743,15135
2022-11-09,2.3399999141693115,2.3635001182556152,2.1500000953674316,2.190000057220459,2.190000057220459,78001
2022-11-10,2.180000066757202,2.2200000286102295,2.140000104904175,2.2200000286102295,2.2200000286102295,3812
2022-11-11,2.359999895095825,2.359999895095825,2.3499999046325684,2.3499999046325684,2.3499999046325684,1642
2022-11-14,2.440000057220459,2.440000057220459,2.2899999618530273,2.319999933242798,2.319999933242798,2072
2022-11-15,2.25,2.5,2.25,2.390000104904175,2.390000104904175,22433
2022-11-16,2.4800000190734863,2.4800000190734863,2.474100112915039,2.4800000190734863,2.4800000190734863,1034
2022-11-17,2.4600000381469727,2.5,2.2750000953674316,2.3399999141693115,2.3399999141693115,8692
2022-11-18,2.4200000762939453,2.759999990463257,2.25,2.759999990463257,2.759999990463257,32102
2022-11-21,2.4800000190734863,2.765000104904175,2.4800000190734863,2.609999895095825,2.609999895095825,4627
2022-11-22,2.7200000286102295,2.984999895095825,2.5,2.680000066757202,2.680000066757202,6484
2022-11-23,2.680000066757202,2.680000066757202,2.509999990463257,2.509999990463257,2.509999990463257,2232
2022-11-25,2.509999990463257,2.509999990463257,2.509999990463257,2.509999990463257,2.509999990463257,0
2022-11-28,2.5,2.836899995803833,2.5,2.680000066757202,2.680000066757202,1233
2022-11-29,2.9200000762939453,2.9200000762939453,2.549999952316284,2.740000009536743,2.740000009536743,1996
2022-11-30,2.569999933242798,2.950000047683716,2.3299999237060547,2.5999999046325684,2.5999999046325684,5534
2022-12-01,2.690000057220459,2.690000057220459,2.690000057220459,2.690000057220459,2.690000057220459,332
2022-12-02,2.7300000190734863,2.7300000190734863,2.532599925994873,2.680000066757202,2.680000066757202,2215
2022-12-05,2.609999895095825,2.7100000381469727,2.369999885559082,2.490000009536743,2.490000009536743,3503
2022-12-06,2.7300000190734863,3.2300000190734863,2.4800000190734863,3.0199999809265137,3.0199999809265137,24168
2022-12-07,3.2100000381469727,3.2100000381469727,2.509999990463257,2.619999885559082,2.619999885559082,16152
2022-12-08,2.640000104904175,3.0,2.640000104904175,3.0,3.0,3979
2022-12-09,3.059999942779541,3.069000005722046,2.75,3.059999942779541,3.059999942779541,11401
2022-12-12,3.109999895095825,3.369999885559082,3.0399999618530273,3.369999885559082,3.369999885559082,2748
2022-12-13,3.3499999046325684,3.630000114440918,3.299999952316284,3.630000114440918,3.630000114440918,5823
2022-12-14,3.990000009536743,3.990000009536743,3.680000066757202,3.700000047683716,3.700000047683716,7044
2022-12-15,3.8299999237060547,3.8299999237060547,3.490000009536743,3.6600000858306885,3.6600000858306885,1294
2022-12-16,3.5799999237060547,3.799999952316284,3.180000066757202,3.180000066757202,3.180000066757202,26003
2022-12-19,3.5999999046325684,3.5999999046325684,3.190000057220459,3.390000104904175,3.390000104904175,10065
2022-12-20,3.509999990463257,3.630000114440918,3.4800000190734863,3.4800000190734863,3.4800000190734863,971
2022-12-21,3.5199999809265137,3.5199999809265137,3.172800064086914,3.450000047683716,3.450000047683716,7607
2022-12-22,3.4600000381469727,3.5199999809265137,3.2200000286102295,3.5199999809265137,3.5199999809265137,2100
2022-12-23,3.3499999046325684,3.3499999046325684,3.0999999046325684,3.200000047683716,3.200000047683716,9944
2022-12-27,3.2100000381469727,3.559999942779541,3.2100000381469727,3.559999942779541,3.559999942779541,1698
2022-12-28,3.369999885559082,3.369999885559082,3.0299999713897705,3.174999952316284,3.174999952316284,1808
2022-12-29,2.9000000953674316,2.9000000953674316,2.0299999713897705,2.4000000953674316,2.4000000953674316,13954
2022-12-30,2.426500082015991,2.5399999618530273,2.009999990463257,2.009999990463257,2.009999990463257,8448
2023-01-03,2.249799966812134,2.249799966812134,2.115000009536743,2.2300000190734863,2.2300000190734863,2344
2023-01-04,2.193000078201294,2.193000078201294,1.649999976158142,1.7699999809265137,1.7699999809265137,12094
2023-01-05,1.899999976158142,1.899999976158142,1.6799999475479126,1.7899999618530273,1.7899999618530273,9953
2023-01-06,1.938099980354309,1.9800000190734863,1.660099983215332,1.823099970817566,1.823099970817566,12398
2023-01-09,1.6100000143051147,1.8272000551223755,1.590000033378601,1.6100000143051147,1.6100000143051147,15350
2023-01-10,1.649999976158142,1.7818000316619873,1.3799999952316284,1.437600016593933,1.437600016593933,14927
2023-01-11,1.4700000286102295,1.6424000263214111,1.4600000381469727,1.600000023841858,1.600000023841858,32308
2023-01-12,1.7597999572753906,1.8350000381469727,1.600000023841858,1.7200000286102295,1.7200000286102295,24747
2023-01-13,1.7869000434875488,1.8300000429153442,1.6100000143051147,1.684399962425232,1.684399962425232,37310
2023-01-17,1.899999976158142,1.899999976158142,1.590000033378601,1.6699999570846558,1.6699999570846558,132508
2023-01-18,1.7100000381469727,1.7807999849319458,1.5299999713897705,1.5299999713897705,1.5299999713897705,50779
2023-01-19,1.5499999523162842,1.559999942779541,1.4149999618530273,1.559999942779541,1.559999942779541,43179
2023-01-20,1.5299999713897705,1.5499999523162842,1.0,1.0700000524520874,1.0700000524520874,115255
2023-01-23,1.2599999904632568,1.690000057220459,1.1699999570846558,1.3799999952316284,1.3799999952316284,543816
2023-01-24,1.399999976158142,1.5499999523162842,1.350000023841858,1.4500000476837158,1.4500000476837158,125528
2023-01-25,1.4199999570846558,1.4500000476837158,1.3300000429153442,1.399999976158142,1.399999976158142,16938
2023-01-26,1.3300000429153442,1.5,1.309999942779541,1.399999976158142,1.399999976158142,28474
2023-01-27,1.3600000143051147,1.4663000106811523,1.3200000524520874,1.399999976158142,1.399999976158142,24580
2023-01-30,1.4199999570846558,1.4199999570846558,1.2000999450683594,1.23989999294281,1.23989999294281,18906
2023-01-31,1.3213000297546387,1.4700000286102295,1.274999976158142,1.3401000499725342,1.3401000499725342,17493
2023-02-01,1.3805999755859375,1.4190000295639038,1.2799999713897705,1.3348000049591064,1.3348000049591064,38662
2023-02-02,1.367799997329712,1.3898999691009521,1.2799999713897705,1.368899941444397,1.368899941444397,10592
2023-02-03,1.3300000429153442,1.354200005531311,1.2899999618530273,1.3348000049591064,1.3348000049591064,2647
2023-02-06,1.3777999877929688,1.3841999769210815,1.2768000364303589,1.2999999523162842,1.2999999523162842,7440
2023-02-07,1.2649999856948853,1.2699999809265137,1.1827000379562378,1.2599999904632568,1.2599999904632568,17656
2023-02-08,1.309999942779541,1.3401999473571777,1.1287000179290771,1.249899983406067,1.249899983406067,6526
2023-02-09,1.3121999502182007,1.3121999502182007,1.2000000476837158,1.25,1.25,7751
2023-02-10,1.1800999641418457,1.2337000370025635,1.159999966621399,1.2300000190734863,1.2300000190734863,3386
2023-02-13,1.25,1.3300000429153442,1.1100000143051147,1.190000057220459,1.190000057220459,25731
2023-02-14,1.100000023841858,1.1820000410079956,1.0099999904632568,1.149999976158142,1.149999976158142,6507
2023-02-15,1.1974999904632568,1.2871999740600586,1.1974999904632568,1.2871999740600586,1.2871999740600586,1824
2023-02-16,1.350000023841858,1.350000023841858,1.2100000381469727,1.2699999809265137,1.2699999809265137,30572
2023-02-17,1.2100000381469727,1.2799999713897705,1.190000057220459,1.2799999713897705,1.2799999713897705,5399
2023-02-21,1.1799999475479126,1.3300000429153442,1.1799999475479126,1.2899999618530273,1.2899999618530273,32377
2023-02-22,1.2350000143051147,1.2649999856948853,1.2350000143051147,1.2599999904632568,1.2599999904632568,1601
2023-02-23,1.329699993133545,1.350000023841858,1.2101000547409058,1.315000057220459,1.315000057220459,3696
2023-02-24,1.222100019454956,1.222100019454956,1.222100019454956,1.222100019454956,1.222100019454956,567
2023-02-27,1.2309999465942383,1.2699999809265137,1.1799999475479126,1.2050000429153442,1.2050000429153442,22143
2023-02-28,1.2101000547409058,1.2633999586105347,1.2000000476837158,1.2000000476837158,1.2000000476837158,5809
2023-03-01,1.25,1.2755000591278076,1.2000000476837158,1.2100000381469727,1.2100000381469727,6571
2023-03-02,1.2000000476837158,1.2100000381469727,1.190000057220459,1.1900999546051025,1.1900999546051025,11322
2023-03-03,1.2799999713897705,1.2898999452590942,1.2699999809265137,1.2699999809265137,1.2699999809265137,2230
2023-03-06,1.2200000286102295,1.2549999952316284,1.2200000286102295,1.2549999952316284,1.2549999952316284,913
2023-03-07,1.3711999654769897,1.3711999654769897,1.340499997138977,1.340499997138977,1.340499997138977,1622
2023-03-08,1.305899977684021,1.305899977684021,1.2000000476837158,1.2000000476837158,1.2000000476837158,6994
2023-03-09,1.2000000476837158,1.2813999652862549,1.2000000476837158,1.2000000476837158,1.2000000476837158,2554
2023-03-10,1.2000000476837158,1.2200000286102295,1.2000000476837158,1.2050000429153442,1.2050000429153442,1545
2023-03-13,1.200700044631958,1.2627999782562256,1.2000000476837158,1.2585999965667725,1.2585999965667725,1962
2023-03-14,1.2100000381469727,1.284600019454956,1.2000000476837158,1.2000000476837158,1.2000000476837158,1157
2023-03-15,1.2009999752044678,1.211400032043457,1.2000000476837158,1.2100000381469727,1.2100000381469727,4738
2023-03-16,1.2000000476837158,1.2100000381469727,1.2000000476837158,1.2000000476837158,1.2000000476837158,10659
2023-03-17,1.2200000286102295,1.2894999980926514,1.1799999475479126,1.2711999416351318,1.2711999416351318,6341
2023-03-20,1.2000000476837158,1.284000039100647,1.2000000476837158,1.2000000476837158,1.2000000476837158,2879
2023-03-21,1.2985999584197998,1.2985999584197998,1.2699999809265137,1.2699999809265137,1.2699999809265137,326
2023-03-22,1.345900058746338,1.345900058746338,1.125,1.1699999570846558,1.1699999570846558,10461
2023-03-23,1.254699945449829,1.254699945449829,1.159999966621399,1.2000000476837158,1.2000000476837158,2706
2023-03-24,1.2699999809265137,1.2699999809265137,1.2000000476837158,1.2000000476837158,1.2000000476837158,514
2023-03-27,1.2799999713897705,1.2799999713897705,1.2100000381469727,1.2100000381469727,1.2100000381469727,559
2023-03-28,1.2100000381469727,1.276900053024292,1.159999966621399,1.159999966621399,1.159999966621399,4664
2023-03-29,1.159999966621399,1.340000033378601,1.159999966621399,1.190000057220459,1.190000057220459,54193
2023-03-30,1.190000057220459,1.3006999492645264,1.190000057220459,1.2899999618530273,1.2899999618530273,6813
2023-03-31,1.2000000476837158,1.2899999618530273,1.2000000476837158,1.2400000095367432,1.2400000095367432,11444
2023-04-03,1.23989999294281,1.2549999952316284,1.2000000476837158,1.2100000381469727,1.2100000381469727,2517
2023-04-04,1.2000000476837158,1.2699999809265137,1.2000000476837158,1.2100000381469727,1.2100000381469727,4584
2023-04-05,1.2339999675750732,1.2400000095367432,1.2000000476837158,1.2000000476837158,1.2000000476837158,976
2023-04-06,1.2400000095367432,1.25,1.2100000381469727,1.2100000381469727,1.2100000381469727,1598
2023-04-10,1.225000023841858,1.225000023841858,1.1699999570846558,1.190000057220459,1.190000057220459,5336
2023-04-11,1.2582000494003296,1.2582000494003296,1.190000057220459,1.225000023841858,1.225000023841858,2611
2023-04-12,1.2899999618530273,1.2899999618530273,1.2000000476837158,1.2201999425888062,1.2201999425888062,4280
2023-04-13,1.3200000524520874,1.9199999570846558,1.2000000476837158,1.5199999809265137,1.5199999809265137,537210
2023-04-14,6.170000076293945,7.400000095367432,3.8475000858306885,4.900000095367432,4.900000095367432,44152351
2023-04-17,3.859999895095825,4.53000020980835,3.369999885559082,3.819999933242798,3.819999933242798,3108679
2023-04-18,3.549999952316284,3.789900064468384,2.259999990463257,2.509999990463257,2.509999990463257,880304
2023-04-19,2.4600000381469727,4.25,2.3901000022888184,4.204999923706055,4.204999923706055,16431666
2023-04-20,3.7799999713897705,4.019999980926514,3.119999885559082,3.4800000190734863,3.4800000190734863,1715698
2023-04-21,3.3399999141693115,3.8399999141693115,2.8317999839782715,2.9000000953674316,2.9000000953674316,1022586
2023-04-24,2.7799999713897705,2.930000066757202,2.4100000858306885,2.549999952316284,2.549999952316284,344030
2023-04-25,2.6700000762939453,2.9600000381469727,2.569999933242798,2.7857000827789307,2.7857000827789307,993690
2023-04-26,3.890000104904175,4.699999809265137,3.609999895095825,3.740000009536743,3.740000009536743,57024699
2023-04-27,3.5799999237060547,4.090000152587891,3.319999933242798,3.9200000762939453,3.9200000762939453,1674203
2023-04-28,4.019999980926514,4.809999942779541,3.940000057220459,4.690000057220459,4.690000057220459,2772949
2023-05-01,3.9200000762939453,4.579999923706055,3.6600000858306885,4.449999809265137,4.449999809265137,710655
2023-05-02,4.090000152587891,4.429999828338623,3.4800000190734863,3.5399999618530273,3.5399999618530273,336797
2023-05-03,3.740000009536743,3.859999895095825,3.4600000381469727,3.559999942779541,3.559999942779541,201503
2023-05-04,3.680000066757202,4.289999961853027,3.5199999809265137,3.8499999046325684,3.8499999046325684,652984
2023-05-05,3.7300000190734863,3.869999885559082,3.2300000190734863,3.259999990463257,3.259999990463257,348759
2023-05-08,3.2200000286102295,3.3780999183654785,3.049999952316284,3.1700000762939453,3.1700000762939453,184109
2023-05-09,3.1500000953674316,3.289900064468384,2.759999990463257,2.8499999046325684,2.8499999046325684,232641
2023-05-10,2.930000066757202,2.9600000381469727,2.740000009536743,2.7699999809265137,2.7699999809265137,116743
2023-05-11,2.75,2.8350000381469727,2.3299999237060547,2.369999885559082,2.369999885559082,132812
2023-05-12,2.440000057220459,2.450000047683716,2.109999895095825,2.2200000286102295,2.2200000286102295,246989
2023-05-15,2.2300000190734863,2.6500000953674316,2.0999999046325684,2.25,2.25,510816
2023-05-16,2.259999990463257,2.404599905014038,1.899999976158142,1.9800000190734863,1.9800000190734863,170305
2023-05-17,1.9800000190734863,2.1600000858306885,1.9800000190734863,2.0999999046325684,2.0999999046325684,163108
2023-05-18,2.069999933242798,2.25,1.8700000047683716,2.0299999713897705,2.0299999713897705,317456
2023-05-19,2.0399999618530273,2.0799999237060547,1.7200000286102295,1.909999966621399,1.909999966621399,271408
2023-05-22,1.909999966621399,1.9456000328063965,1.75,1.7899999618530273,1.7899999618530273,79584
2023-05-23,1.7999999523162842,1.8199000358581543,1.600000023841858,1.690000057220459,1.690000057220459,158283
2023-05-24,1.6399999856948853,1.6699999570846558,1.5199999809265137,1.6200000047683716,1.6200000047683716,106965
2023-05-25,1.7999999523162842,1.8801000118255615,1.6200000047683716,1.6299999952316284,1.6299999952316284,785031
2023-05-26,1.600000023841858,1.649999976158142,1.350000023841858,1.4600000381469727,1.4600000381469727,274309
2023-05-30,1.5800000429153442,1.7799999713897705,1.3700000047683716,1.75,1.75,1171458
2023-05-31,1.6299999952316284,1.9800000190734863,1.4299999475479126,1.559999942779541,1.559999942779541,2954342
2023-06-01,1.4700000286102295,1.534999966621399,1.3799999952316284,1.3899999856948853,1.3899999856948853,583276
2023-06-02,1.4299999475479126,1.5,1.350000023841858,1.409999966621399,1.409999966621399,225585
2023-06-05,1.409999966621399,1.4299999475479126,1.3200000524520874,1.3700000047683716,1.3700000047683716,301496
2023-06-06,1.3200000524520874,1.5199999809265137,1.3200000524520874,1.4900000095367432,1.4900000095367432,372401
2023-06-07,1.4800000190734863,1.5399999618530273,1.3899999856948853,1.4700000286102295,1.4700000286102295,134739
2023-06-08,1.440000057220459,1.4800000190734863,1.3899999856948853,1.4199999570846558,1.4199999570846558,168010
2023-06-09,1.399999976158142,1.5299999713897705,1.3600000143051147,1.399999976158142,1.399999976158142,163615
2023-06-12,1.3899999856948853,1.4299999475479126,1.3700000047683716,1.4199999570846558,1.4199999570846558,113673
2023-06-13,1.409999966621399,1.5199999809265137,1.3700000047683716,1.440000057220459,1.440000057220459,334263
2023-06-14,1.4299999475479126,1.4500000476837158,1.3799999952316284,1.4199999570846558,1.4199999570846558,115686
2023-06-15,1.409999966621399,1.4600000381469727,1.350100040435791,1.3899999856948853,1.3899999856948853,240287
2023-06-16,1.3600000143051147,1.408400058746338,1.2899999618530273,1.2899999618530273,1.2899999618530273,184278
2023-06-20,1.2999999523162842,1.4500000476837158,1.25,1.4199999570846558,1.4199999570846558,307999
2023-06-21,1.4199999570846558,1.5099999904632568,1.3601000308990479,1.3899999856948853,1.3899999856948853,360573
2023-06-22,1.3600000143051147,1.440000057220459,1.350000023841858,1.3899999856948853,1.3899999856948853,167128
2023-06-23,1.3600000143051147,1.4800000190734863,1.3600000143051147,1.4199999570846558,1.4199999570846558,138861
2023-06-26,1.3200000524520874,1.399899959564209,1.2799999713897705,1.309999942779541,1.309999942779541,202245
2023-06-27,1.309999942779541,1.399999976158142,1.309999942779541,1.3700000047683716,1.3700000047683716,73138
2023-06-28,1.3697999715805054,1.4799000024795532,1.3600000143051147,1.3799999952316284,1.3799999952316284,105147
2023-06-29,1.4199999570846558,1.4299999475479126,1.3600000143051147,1.3799999952316284,1.3799999952316284,55835
2023-06-30,1.3700000047683716,1.4299999475479126,1.3600000143051147,1.3899999856948853,1.3899999856948853,41661
2023-07-03,1.3899999856948853,1.4600000381469727,1.350000023841858,1.4600000381469727,1.4600000381469727,43723
2023-07-05,1.440000057220459,1.440000057220459,1.3700000047683716,1.3700000047683716,1.3700000047683716,51486
2023-07-06,1.4119000434875488,1.4199999570846558,1.3200000524520874,1.350000023841858,1.350000023841858,59042
2023-07-07,1.350100040435791,1.4199999570846558,1.3300000429153442,1.340000033378601,1.340000033378601,72742
2023-07-10,1.340000033378601,1.3899999856948853,1.3200000524520874,1.3834999799728394,1.3834999799728394,53446
2023-07-11,1.3899999856948853,1.649999976158142,1.3650000095367432,1.4800000190734863,1.4800000190734863,440631
2023-07-12,1.5,1.5499999523162842,1.4300999641418457,1.4700000286102295,1.4700000286102295,92777
2023-07-13,1.4600000381469727,1.940000057220459,1.4500000476837158,1.899999976158142,1.899999976158142,974732
2023-07-14,2.1500000953674316,2.4800000190734863,1.6299999952316284,2.0299999713897705,2.0299999713897705,3175347
2023-07-17,1.9199999570846558,2.2799999713897705,1.850000023841858,2.1500000953674316,2.1500000953674316,721241
2023-07-18,2.0999999046325684,2.259999990463257,2.0,2.2200000286102295,2.2200000286102295,304801
2023-07-19,2.2200000286102295,2.3399999141693115,2.1500000953674316,2.2699999809265137,2.2699999809265137,165779
2023-07-20,2.2799999713897705,2.3399999141693115,1.9600000381469727,2.119999885559082,2.119999885559082,227194
2023-07-21,2.109999895095825,2.180000066757202,2.0000998973846436,2.0299999713897705,2.0299999713897705,166571
2023-07-24,2.0299999713897705,2.0299999713897705,1.7999999523162842,1.8700000047683716,1.8700000047683716,87546
2023-07-25,1.9299999475479126,1.9299999475479126,1.6299999952316284,1.6699999570846558,1.6699999570846558,102359
2023-07-26,1.7200000286102295,1.8200000524520874,1.7000000476837158,1.809999942779541,1.809999942779541,98809
2023-07-27,1.7799999713897705,1.809999942779541,1.5700000524520874,1.5700000524520874,1.5700000524520874,85768
2023-07-28,1.5299999713897705,1.7080999612808228,1.5003999471664429,1.6799999475479126,1.6799999475479126,119142
2023-07-31,1.6799999475479126,1.7699999809265137,1.649999976158142,1.75,1.75,69089
2023-08-01,1.7300000190734863,1.7940000295639038,1.6200000047683716,1.75,1.75,111962
2023-08-02,1.684999942779541,1.7050000429153442,1.6299999952316284,1.649999976158142,1.649999976158142,40520
2023-08-03,1.6919000148773193,1.6919000148773193,1.570099949836731,1.5800000429153442,1.5800000429153442,25998
2023-08-04,1.649999976158142,1.649999976158142,1.4500999450683594,1.5499999523162842,1.5499999523162842,120422
2023-08-07,1.559999942779541,1.6198999881744385,1.4500000476837158,1.589900016784668,1.589900016784668,41079
2023-08-08,1.600000023841858,1.649999976158142,1.4800000190734863,1.5800000429153442,1.5800000429153442,45205
2023-08-09,1.5499999523162842,1.6399999856948853,1.4500999450683594,1.5,1.5,167397
2023-08-10,1.5099999904632568,1.5399999618530273,1.4000999927520752,1.409999966621399,1.409999966621399,142359
2023-08-11,1.4500000476837158,1.5299999713897705,1.3899999856948853,1.4800000190734863,1.4800000190734863,242744
2023-08-14,1.4800000190734863,1.5,1.4106999635696411,1.440000057220459,1.440000057220459,46113
2023-08-15,1.4700000286102295,1.5,1.399999976158142,1.399999976158142,1.399999976158142,61322
2023-08-16,1.3513000011444092,1.4600000381469727,1.3513000011444092,1.399999976158142,1.399999976158142,38902
2023-08-17,1.3688000440597534,1.4600000381469727,1.3600000143051147,1.3700000047683716,1.3700000047683716,59541
2023-08-18,1.3609999418258667,1.3609999418258667,1.2699999809265137,1.3200000524520874,1.3200000524520874,77512
2023-08-21,1.3200000524520874,1.4398000240325928,1.3177000284194946,1.350000023841858,1.350000023841858,32206
2023-08-22,1.4199999570846558,1.4199999570846558,1.340000033378601,1.350100040435791,1.350100040435791,5504
2023-08-23,1.409999966621399,1.4299999475479126,1.3600000143051147,1.4199999570846558,1.4199999570846558,31988
2023-08-24,1.4500000476837158,1.4500000476837158,1.2699999809265137,1.3200000524520874,1.3200000524520874,41665
2023-08-25,1.3200000524520874,1.340000033378601,1.2655999660491943,1.2899999618530273,1.2899999618530273,12135
2023-08-28,1.2899999618530273,1.3899999856948853,1.2300000190734863,1.2300000190734863,1.2300000190734863,75319
2023-08-29,1.2599999904632568,1.5190000534057617,1.2599999904632568,1.4500000476837158,1.4500000476837158,134796
2023-08-30,1.4397000074386597,1.4500000476837158,1.399999976158142,1.4299999475479126,1.4299999475479126,11489
2023-08-31,1.4049999713897705,1.4299999475479126,1.2901999950408936,1.3897000551223755,1.3897000551223755,24509
2023-09-01,1.3350000381469727,1.5,1.3299000263214111,1.3300000429153442,1.3300000429153442,51773
2023-09-05,1.309999942779541,1.3601000308990479,1.2000000476837158,1.2000000476837158,1.2000000476837158,177772
2023-09-06,1.2599999904632568,1.3488999605178833,1.2027000188827515,1.2899999618530273,1.2899999618530273,75552
2023-09-07,1.2699999809265137,1.3300000429153442,1.2300000190734863,1.3300000429153442,1.3300000429153442,34268
2023-09-08,1.2999999523162842,1.3200000524520874,1.1699999570846558,1.190000057220459,1.190000057220459,28554
2023-09-11,1.2100000381469727,1.3200000524520874,1.1799999475479126,1.2000000476837158,1.2000000476837158,74048
2023-09-12,1.2200000286102295,1.2400000095367432,1.2100000381469727,1.2300000190734863,1.2300000190734863,9368
2023-09-13,1.2229000329971313,1.2300000190734863,1.2100000381469727,1.2200000286102295,1.2200000286102295,8700
2023-09-14,1.2201000452041626,1.309999942779541,1.2000000476837158,1.2400000095367432,1.2400000095367432,25267
2023-09-15,1.2000000476837158,1.2699999809265137,1.1100000143051147,1.2000000476837158,1.2000000476837158,34801
2023-09-18,1.2599999904632568,1.2599999904632568,1.1424000263214111,1.149999976158142,1.149999976158142,4585
2023-09-19,1.149999976158142,1.2000000476837158,1.100000023841858,1.100100040435791,1.100100040435791,31607
2023-09-20,1.1447999477386475,1.1992000341415405,1.1100000143051147,1.1299999952316284,1.1299999952316284,22135
2023-09-21,1.1799999475479126,1.1799999475479126,1.100000023841858,1.1150000095367432,1.1150000095367432,9232
2023-09-22,1.100000023841858,1.100000023841858,1.0099999904632568,1.0699000358581543,1.0699000358581543,20500
2023-09-25,1.0600999593734741,1.0764000415802002,1.0099999904632568,1.0700000524520874,1.0700000524520874,7814
2023-09-26,1.0499999523162842,1.0700000524520874,1.0299999713897705,1.0299999713897705,1.0299999713897705,63714
2023-09-27,1.0586999654769897,1.059999942779541,1.0299999713897705,1.0299999713897705,1.0299999713897705,19165
2023-09-28,1.010699987411499,1.0257999897003174,1.0099999904632568,1.0099999904632568,1.0099999904632568,13343
2023-09-29,1.0700000524520874,1.0700000524520874,0.8550000190734863,1.0,1.0,43665
2023-10-02,1.0628999471664429,1.066499948501587,0.9399999976158142,0.9401000142097473,0.9401000142097473,16207
2023-10-03,0.9599999785423279,0.9800000190734863,0.892799973487854,0.8999999761581421,0.8999999761581421,119100
2023-10-04,0.946399986743927,0.9549999833106995,0.8799999952316284,0.9502999782562256,0.9502999782562256,38783
2023-10-05,0.9369000196456909,0.9456999897956848,0.8999999761581421,0.9449999928474426,0.9449999928474426,1301
2023-10-06,0.8999999761581421,0.927299976348877,0.8999999761581421,0.9139999747276306,0.9139999747276306,5251
2023-10-09,0.9100000262260437,0.9100000262260437,0.8701000213623047,0.8701000213623047,0.8701000213623047,10617
2023-10-10,0.8700000047683716,0.9498999714851379,0.8700000047683716,0.9021999835968018,0.9021999835968018,14426
2023-10-11,1.0,1.0,0.902400016784668,0.902400016784668,0.902400016784668,29343
2023-10-12,0.902400016784668,0.9997000098228455,0.8955000042915344,0.8999999761581421,0.8999999761581421,47302
2023-10-13,0.9449999928474426,0.949999988079071,0.8999999761581421,0.8999999761581421,0.8999999761581421,5350
2023-10-16,0.949999988079071,0.949999988079071,0.8600999712944031,0.8999999761581421,0.8999999761581421,12677
2023-10-17,0.949999988079071,0.949999988079071,0.9111999869346619,0.9498999714851379,0.9498999714851379,8208
2023-10-18,0.9498999714851379,0.949999988079071,0.8999999761581421,0.8999999761581421,0.8999999761581421,2528
2023-10-19,0.8700000047683716,0.9466000199317932,0.8700000047683716,0.8999999761581421,0.8999999761581421,3208
2023-10-20,0.9399999976158142,0.9399999976158142,0.8600000143051147,0.9300000071525574,0.9300000071525574,4190
2023-10-23,0.9399999976158142,0.9399999976158142,0.8600000143051147,0.9088000059127808,0.9088000059127808,11672
2023-10-24,0.9900000095367432,1.1399999856948853,0.9800000190734863,1.0800000429153442,1.0800000429153442,60892
2023-10-25,1.100000023841858,1.4499000310897827,1.0199999809265137,1.0199999809265137,1.0199999809265137,196580
2023-10-26,1.0399999618530273,1.0800000429153442,0.949999988079071,1.0299999713897705,1.0299999713897705,35196
2023-10-27,1.105299949645996,1.105299949645996,0.9700000286102295,1.0,1.0,5831
2023-10-30,1.0957000255584717,1.0957000255584717,0.9599999785423279,1.0499999523162842,1.0499999523162842,4323
2023-10-31,1.0399999618530273,1.1598000526428223,0.9951000213623047,1.0499999523162842,1.0499999523162842,18302
2023-11-01,0.9878000020980835,1.0399999618530273,0.9401000142097473,1.0299999713897705,1.0299999713897705,10880
2023-11-02,1.0199999809265137,1.0499999523162842,0.9301000237464905,1.0099999904632568,1.0099999904632568,27789
2023-11-03,1.0,1.1100000143051147,0.9300000071525574,1.0099999904632568,1.0099999904632568,51671
2023-11-06,0.949999988079071,0.9800000190734863,0.9300000071525574,0.9300000071525574,0.9300000071525574,12708
2023-11-07,0.8711000084877014,0.949999988079071,0.8711000084877014,0.9300000071525574,0.9300000071525574,21018
2023-11-08,0.9300000071525574,1.0399999618530273,0.8799999952316284,1.0099999904632568,1.0099999904632568,32162
2023-11-09,1.0099999904632568,1.0499999523162842,0.9800000190734863,0.9951000213623047,0.9951000213623047,3286
2023-11-10,1.0399999618530273,1.0399999618530273,0.8439000248908997,0.8439000248908997,0.8439000248908997,37664
2023-11-13,0.8109999895095825,0.986299991607666,0.8100000023841858,0.8101000189781189,0.8101000189781189,45726
2023-11-14,0.8409000039100647,0.9951000213623047,0.8409000039100647,0.8799999952316284,0.8799999952316284,25597
2023-11-15,0.964900016784668,0.9951000213623047,0.8799999952316284,0.9185000061988831,0.9185000061988831,8016
2023-11-16,0.8999999761581421,0.9900000095367432,0.8634999990463257,0.9240000247955322,0.9240000247955322,9214
2023-11-17,0.925000011920929,1.0,0.8801000118255615,0.9200000166893005,0.9200000166893005,6946
2023-11-20,0.8899999856948853,0.9550999999046326,0.8899999856948853,0.9528999924659729,0.9528999924659729,10809
2023-11-21,0.989799976348877,0.9900000095367432,0.8199999928474426,0.8521000146865845,0.8521000146865845,15174
2023-11-22,0.9599999785423279,0.9599999785423279,0.8500999808311462,0.8939999938011169,0.8939999938011169,4023
2023-11-24,0.8799999952316284,0.9599999785423279,0.8799999952316284,0.9248999953269958,0.9248999953269958,3154
2023-11-27,0.8999999761581421,0.9399999976158142,0.8849999904632568,0.9000999927520752,0.9000999927520752,4148
2023-11-28,0.9962000250816345,0.9962000250816345,0.9000999927520752,0.9200999736785889,0.9200999736785889,1777
2023-11-29,0.9613999724388123,0.9613999724388123,0.8928999900817871,0.8928999900817871,0.8928999900817871,1162
2023-11-30,0.914900004863739,0.9200000166893005,0.890999972820282,0.9200000166893005,0.9200000166893005,2559
2023-12-01,0.9154999852180481,0.9700000286102295,0.8999999761581421,0.9599000215530396,0.9599000215530396,58796
2023-12-04,1.0,1.1200000047683716,0.9599999785423279,1.0800000429153442,1.0800000429153442,54933
2023-12-05,1.0755000114440918,1.409999966621399,1.0499999523162842,1.2400000095367432,1.2400000095367432,121555
2023-12-06,1.309999942779541,1.340000033378601,1.0299999713897705,1.1100000143051147,1.1100000143051147,79456
2023-12-07,1.2148000001907349,1.2288000583648682,1.0700000524520874,1.1449999809265137,1.1449999809265137,11794
2023-12-08,1.2783000469207764,1.2783000469207764,1.059999942779541,1.1399999856948853,1.1399999856948853,17412
2023-12-11,1.2000000476837158,1.2000000476837158,1.0199999809265137,1.149999976158142,1.149999976158142,25700
2023-12-12,1.149999976158142,1.25600004196167,1.0199999809265137,1.0199999809265137,1.0199999809265137,17392
2023-12-13,1.0199999809265137,1.2000000476837158,0.9599999785423279,1.090000033378601,1.090000033378601,43222
2023-12-14,1.070099949836731,1.1299999952316284,1.0299999713897705,1.0950000286102295,1.0950000286102295,10409
2023-12-15,1.0700000524520874,1.1200000047683716,1.0299999713897705,1.0499999523162842,1.0499999523162842,11677
2023-12-18,1.0857000350952148,1.149999976158142,1.0299999713897705,1.149999976158142,1.149999976158142,19446
2023-12-19,1.1899000406265259,1.2699999809265137,1.159999966621399,1.2300000190734863,1.2300000190734863,60093
2023-12-20,1.159999966621399,1.2899999618530273,1.100100040435791,1.1349999904632568,1.1349999904632568,109417
2023-12-21,1.1399999856948853,1.1950000524520874,1.0549999475479126,1.1200000047683716,1.1200000047683716,29964
2023-12-22,1.190000057220459,1.2999999523162842,1.090000033378601,1.2699999809265137,1.2699999809265137,57935
2023-12-26,1.3200000524520874,1.3200000524520874,1.1299999952316284,1.190000057220459,1.190000057220459,29792
2023-12-27,1.229599952697754,1.5800000429153442,1.2200000286102295,1.5700000524520874,1.5700000524520874,519909
2023-12-28,1.4600000381469727,1.649999976158142,1.2000000476837158,1.440000057220459,1.440000057220459,570645
2023-12-29,1.340000033378601,1.340000033378601,1.0499999523162842,1.190000057220459,1.190000057220459,395063
2024-01-02,1.2899999618530273,1.2899999618530273,1.100000023841858,1.100000023841858,1.100000023841858,186935
2024-01-03,1.0700000524520874,1.1456999778747559,0.9901000261306763,1.0099999904632568,1.0099999904632568,76214
2024-01-04,1.0,1.1699999570846558,1.0,1.090000033378601,1.090000033378601,60653
2024-01-05,1.090000033378601,1.1447999477386475,1.0400999784469604,1.1123000383377075,1.1123000383377075,32831
2024-01-08,1.149999976158142,1.149999976158142,1.0,1.1399999856948853,1.1399999856948853,56083
2024-01-09,1.100000023841858,1.1299999952316284,1.0399999618530273,1.0399999618530273,1.0399999618530273,25355
2024-01-10,1.0199999809265137,1.0987000465393066,0.9984999895095825,1.0399999618530273,1.0399999618530273,80602
2024-01-11,1.1699999570846558,1.3799999952316284,1.059999942779541,1.2100000381469727,1.2100000381469727,4838697
2024-01-12,1.1299999952316284,1.1799999475479126,1.0099999904632568,1.1200000047683716,1.1200000047683716,337176
2024-01-16,1.1299999952316284,1.1398999691009521,1.0399999618530273,1.0499999523162842,1.0499999523162842,81496
2024-01-17,1.0099999904632568,1.059999942779541,0.9811000227928162,0.9900000095367432,0.9900000095367432,108308
2024-01-18,1.0199999809265137,1.038100004196167,0.8794999718666077,0.9399999976158142,0.9399999976158142,79781
2024-01-19,0.9235000014305115,0.9599999785423279,0.8999999761581421,0.9100000262260437,0.9100000262260437,60552
2024-01-22,0.9199000000953674,0.9300000071525574,0.8420000076293945,0.8764899969100952,0.8764899969100952,42034
2024-01-23,0.8299000263214111,0.8723000288009644,0.8140000104904175,0.8209999799728394,0.8209999799728394,69817
2024-01-24,0.8547000288963318,0.8659999966621399,0.800000011920929,0.8011999726295471,0.8011999726295471,25164
2024-01-25,0.8292999863624573,0.9196000099182129,0.8238099813461304,0.8486999869346619,0.8486999869346619,9583
2024-01-26,0.8600000143051147,0.9190000295639038,0.8238000273704529,0.8700000047683716,0.8700000047683716,27939
2024-01-29,0.870199978351593,0.9300000071525574,0.8700000047683716,0.9150000214576721,0.9150000214576721,13725
2024-01-30,0.8799999952316284,0.8799999952316284,0.8360000252723694,0.8799999952316284,0.8799999952316284,14643
2024-01-31,0.8256000280380249,0.8700000047683716,0.8256000280380249,0.8669000267982483,0.8669000267982483,6311
2024-02-01,0.8500999808311462,0.8690000176429749,0.8235999941825867,0.8240000009536743,0.8240000009536743,17772
2024-02-02,0.8914999961853027,0.9179999828338623,0.8267999887466431,0.8509500026702881,0.8509500026702881,19546
2024-02-05,0.8659999966621399,0.8999999761581421,0.7860000133514404,0.7860000133514404,0.7860000133514404,40735
2024-02-06,0.8100000023841858,0.8330000042915344,0.800599992275238,0.8330000042915344,0.8330000042915344,9851
2024-02-07,0.8799999952316284,0.8799999952316284,0.7860000133514404,0.800000011920929,0.800000011920929,11232
2024-02-08,0.8650000095367432,0.9399999976158142,0.8500000238418579,0.8999999761581421,0.8999999761581421,62388
2024-02-09,0.9100000262260437,0.9639999866485596,0.8801000118255615,0.9210000038146973,0.9210000038146973,30737
2024-02-12,0.9399999976158142,0.9700000286102295,0.8399999737739563,0.8399999737739563,0.8399999737739563,80023
2024-02-13,0.8799999952316284,0.9990000128746033,0.8500000238418579,0.9990000128746033,0.9990000128746033,46212
2024-02-14,0.9948999881744385,1.149999976158142,0.9948999881744385,1.1200000047683716,1.1200000047683716,161355
2024-02-15,1.090000033378601,1.1299999952316284,1.0,1.059999942779541,1.059999942779541,71733
2024-02-16,1.0700000524520874,1.149999976158142,1.0499999523162842,1.1299999952316284,1.1299999952316284,100587
2024-02-20,1.1200000047683716,1.1200000047683716,0.9700000286102295,1.0449999570846558,1.0449999570846558,115612
2024-02-21,1.0099999904632568,1.0549999475479126,0.9225999712944031,0.9549999833106995,0.9549999833106995,59416
2024-02-22,1.059999942779541,1.059999942779541,0.9200999736785889,0.9602000117301941,0.9602000117301941,74504
2024-02-23,0.954200029373169,0.9624999761581421,0.8939999938011169,0.9555000066757202,0.9555000066757202,25653
2024-02-26,0.9613999724388123,1.0499999523162842,0.9200999736785889,1.0,1.0,141808
2024-02-27,1.0361000299453735,1.190000057220459,0.9599999785423279,1.100000023841858,1.100000023841858,669239
2024-02-28,1.190000057220459,1.2999999523162842,1.0800000429153442,1.100000023841858,1.100000023841858,791678
2024-02-29,1.159999966621399,1.190000057220459,1.0,1.1799999475479126,1.1799999475479126,270682
2024-03-01,1.159999966621399,1.159999966621399,1.0099999904632568,1.0199999809265137,1.0199999809265137,98840
2024-03-04,1.059999942779541,1.100000023841858,1.0299999713897705,1.0800000429153442,1.0800000429153442,118259
2024-03-05,1.0399999618530273,1.1299999952316284,1.0299999713897705,1.0449999570846558,1.0449999570846558,118329
2024-03-06,1.0299999713897705,1.0299999713897705,0.9309999942779541,0.9901000261306763,0.9901000261306763,88768
2024-03-07,1.0099999904632568,1.0099999904632568,0.9319999814033508,0.9730100035667419,0.9730100035667419,37218
2024-03-08,0.9574999809265137,1.0199999809265137,0.9200000166893005,0.9599999785423279,0.9599999785423279,32739
2024-03-11,1.0,1.0700000524520874,0.9700000286102295,1.0099999904632568,1.0099999904632568,66716
2024-03-12,0.9900000095367432,1.0399999618530273,0.949999988079071,1.0198999643325806,1.0198999643325806,68241
2024-03-13,1.0700000524520874,1.2000000476837158,1.0199999809265137,1.2000000476837158,1.2000000476837158,263915
2024-03-14,1.1799999475479126,1.2100000381469727,1.0800000429153442,1.2100000381469727,1.2100000381469727,145800
2024-03-15,1.2000000476837158,1.2699999809265137,1.1100000143051147,1.2699999809265137,1.2699999809265137,179392
2024-03-18,1.190000057220459,1.25,1.1201000213623047,1.1531000137329102,1.1531000137329102,73516
2024-03-19,1.1299999952316284,1.1299999952316284,1.059999942779541,1.0700000524520874,1.0700000524520874,23162
2024-03-20,1.1200000047683716,1.190000057220459,1.090000033378601,1.1699999570846558,1.1699999570846558,27393
2024-03-21,1.149999976158142,1.2299000024795532,1.149999976158142,1.1649999618530273,1.1649999618530273,50418
2024-03-22,1.1699999570846558,1.1699999570846558,1.1200000047683716,1.1299999952316284,1.1299999952316284,17185
2024-03-25,1.1299999952316284,1.2000000476837158,1.059999942779541,1.100000023841858,1.100000023841858,30037
2024-03-26,1.1100000143051147,1.1404000520706177,1.090000033378601,1.1200000047683716,1.1200000047683716,11576
2024-03-27,1.1699999570846558,1.1699999570846558,1.0299999713897705,1.059999942779541,1.059999942779541,68412
2024-03-28,1.0399999618530273,1.2000000476837158,1.0399999618530273,1.159999966621399,1.159999966621399,53146
2024-04-01,1.1799999475479126,1.190000057220459,1.0399999618530273,1.100000023841858,1.100000023841858,22503
2024-04-02,1.0700000524520874,1.0800000429153442,1.059999942779541,1.059999942779541,1.059999942779541,17548
2024-04-03,1.0800000429153442,1.0800000429153442,1.0,1.0399999618530273,1.0399999618530273,19623
2024-04-04,1.0299999713897705,1.1389000415802002,1.0299999713897705,1.1100000143051147,1.1100000143051147,38713
2024-04-05,1.1299999952316284,1.1299999952316284,1.0700000524520874,1.0800000429153442,1.0800000429153442,6250
2024-04-08,1.0901000499725342,1.1202000379562378,1.0199999809265137,1.0499999523162842,1.0499999523162842,33266
2024-04-09,1.0499999523162842,1.0677000284194946,1.0,1.0399999618530273,1.0399999618530273,20686
2024-04-10,1.027999997138977,1.027999997138977,0.9550999999046326,0.9700999855995178,0.9700999855995178,60136
2024-04-11,0.9700999855995178,0.9890999794006348,0.9569000005722046,0.9797000288963318,0.9797000288963318,11020
2024-04-12,0.9800000190734863,0.9800000190734863,0.8999999761581421,0.9074500203132629,0.9074500203132629,28302
2024-04-15,0.9300000071525574,0.9300000071525574,0.800000011920929,0.8180999755859375,0.8180999755859375,55041
2024-04-16,0.809499979019165,0.8896999955177307,0.8090000152587891,0.8384000062942505,0.8384000062942505,27799
2024-04-17,0.8500000238418579,0.875,0.8399999737739563,0.8500999808311462,0.8500999808311462,21319
2024-04-18,0.8503999710083008,0.8550000190734863,0.8201000094413757,0.8500000238418579,0.8500000238418579,1933
2024-04-19,0.8500000238418579,0.8539999723434448,0.7950000166893005,0.7950999736785889,0.7950999736785889,39773
2024-04-22,0.8500000238418579,0.8500999808311462,0.8001000285148621,0.8399999737739563,0.8399999737739563,9815
2024-04-23,0.8500000238418579,0.8899999856948853,0.8300999999046326,0.8700000047683716,0.8700000047683716,28465
2024-04-24,0.8500000238418579,0.8701000213623047,0.83160001039505,0.8398000001907349,0.8398000001907349,20729
2024-04-25,0.8299999833106995,0.8499000072479248,0.7594000101089478,0.779699981212616,0.779699981212616,82518
2024-04-26,0.819599986076355,0.8199999928474426,0.7797999978065491,0.7957000136375427,0.7957000136375427,6386
2024-04-29,0.7900000214576721,0.8600000143051147,0.7900000214576721,0.8500000238418579,0.8500000238418579,32779
2024-04-30,0.9900000095367432,0.9900000095367432,0.8309999704360962,0.9267500042915344,0.9267500042915344,102283
2024-05-01,0.9732000231742859,0.9732000231742859,0.8720999956130981,0.8999999761581421,0.8999999761581421,13821
2024-05-02,0.8974999785423279,0.9169999957084656,0.8799999952316284,0.8799999952316284,0.8799999952316284,4965
2024-05-03,0.9502999782562256,0.9502999782562256,0.8345000147819519,0.8543999791145325,0.8543999791145325,13517
2024-05-06,0.8999000191688538,0.8999000191688538,0.8700000047683716,0.8755999803543091,0.8755999803543091,11902
2024-05-07,0.8600000143051147,0.9150000214576721,0.8345000147819519,0.8345000147819519,0.8345000147819519,9824
2024-05-08,0.8345000147819519,0.9100000262260437,0.8345000147819519,0.8801000118255615,0.8801000118255615,19348
2024-05-09,0.9199000000953674,0.9199000000953674,0.8539999723434448,0.8709999918937683,0.8709999918937683,13473
2024-05-10,0.8709999918937683,1.0858999490737915,0.8709999918937683,1.0858999490737915,1.0858999490737915,101973
2024-05-13,1.0399999618530273,1.0399999618530273,0.900600016117096,0.9200000166893005,0.9200000166893005,21974
2024-05-14,0.9800000190734863,0.9800000190734863,0.8799999952316284,0.9212999939918518,0.9212999939918518,20680
2024-05-15,0.8700000047683716,0.9200000166893005,0.8700000047683716,0.9057499766349792,0.9057499766349792,19660
2024-05-16,0.8899999856948853,0.9199000000953674,0.8500000238418579,0.9097999930381775,0.9097999930381775,13029
2024-05-17,0.9200000166893005,1.0,0.8809999823570251,0.9154000282287598,0.9154000282287598,21538
2024-05-20,0.9800000190734863,0.9800000190734863,0.8809999823570251,0.9300000071525574,0.9300000071525574,11307
2024-05-21,0.9900000095367432,1.0198999643325806,0.9200000166893005,0.9203000068664551,0.9203000068664551,61393
2024-05-22,0.9699000120162964,0.9699000120162964,0.9300000071525574,0.949999988079071,0.949999988079071,7203
2024-05-23,0.9850000143051147,0.9876000285148621,0.9300000071525574,0.9300000071525574,0.9300000071525574,10854
2024-05-24,0.9800000190734863,0.9800000190734863,0.9100000262260437,0.949999988079071,0.949999988079071,4487
2024-05-28,0.949999988079071,1.0198999643325806,0.9100000262260437,1.0098999738693237,1.0098999738693237,70806
2024-05-29,0.9800000190734863,0.9998999834060669,0.9348999857902527,0.9401999711990356,0.9401999711990356,20540
2024-05-30,1.0099999904632568,1.190000057220459,0.9455999732017517,1.0800000429153442,1.0800000429153442,195563
2024-05-31,1.0299999713897705,1.1359000205993652,0.9614999890327454,0.9950000047683716,0.9950000047683716,94279
2024-06-03,0.9722499847412109,1.0700000524520874,0.9495999813079834,1.0700000524520874,1.0700000524520874,39159
2024-06-04,1.0399999618530273,1.100000023841858,0.9700000286102295,1.0199999809265137,1.0199999809265137,52649
2024-06-05,1.0499999523162842,1.0499999523162842,0.9692999720573425,1.0099999904632568,1.0099999904632568,42214
2024-06-06,1.0,1.0499999523162842,0.949999988079071,0.9800000190734863,0.9800000190734863,41832
2024-06-07,0.9599999785423279,1.0399999618530273,0.9362000226974487,0.9700000286102295,0.9700000286102295,14859
2024-06-10,1.0299999713897705,1.0299999713897705,0.925000011920929,0.9715999960899353,0.9715999960899353,18151
2024-06-11,0.9714999794960022,0.9714999794960022,0.9200000166893005,0.9700000286102295,0.9700000286102295,10312
2024-06-12,0.9301000237464905,0.960099995136261,0.91839998960495,0.91839998960495,0.91839998960495,26878
2024-06-13,0.9700000286102295,0.9700000286102295,0.8809999823570251,0.8999999761581421,0.8999999761581421,19741
2024-06-14,0.8809999823570251,0.9200000166893005,0.8700000047683716,0.9200000166893005,0.9200000166893005,20253
2024-06-17,0.8859999775886536,0.9199000000953674,0.8519999980926514,0.8849999904632568,0.8849999904632568,20035
2024-06-18,0.8849999904632568,0.8985999822616577,0.8600999712944031,0.8899999856948853,0.8899999856948853,3870
2024-06-20,0.9193000197410583,0.9200000166893005,0.8519999980926514,0.8691499829292297,0.8691499829292297,8080
2024-06-21,0.8519999980926514,0.9200000166893005,0.8100000023841858,0.8299999833106995,0.8299999833106995,30367
2024-06-24,0.8299999833106995,0.9099000096321106,0.8299999833106995,0.8675000071525574,0.8675000071525574,18127
2024-06-25,0.8880000114440918,1.0,0.8680999875068665,0.9639000296592712,0.9639000296592712,69916
2024-06-26,0.9639999866485596,1.059999942779541,0.9279000163078308,1.0449999570846558,1.0449999570846558,93255
2024-06-27,1.090000033378601,1.2999999523162842,0.9778000116348267,1.149999976158142,1.149999976158142,459178
2024-06-28,1.1399999856948853,1.1920000314712524,0.9998999834060669,1.0499999523162842,1.0499999523162842,2801677
2024-07-01,0.9799000024795532,1.0099999904632568,0.937749981880188,0.9599999785423279,0.9599999785423279,309560
2024-07-02,0.92330002784729,0.92330002784729,0.8337000012397766,0.8808000087738037,0.8808000087738037,152653
2024-07-03,0.8799999952316284,0.9240000247955322,0.8700000047683716,0.8999999761581421,0.8999999761581421,14250
2024-07-05,0.9063000082969666,0.9642000198364258,0.8410999774932861,0.9375,0.9375,117706
2024-07-08,0.9800000190734863,0.9800000190734863,0.8901000022888184,0.9447000026702881,0.9447000026702881,17016
2024-07-09,0.9100000262260437,0.9100000262260437,0.8500000238418579,0.8927000164985657,0.8927000164985657,88473
2024-07-10,0.8891000151634216,1.2799999713897705,0.8700000047683716,1.149999976158142,1.149999976158142,1519981
2024-07-11,1.0499999523162842,1.1552000045776367,0.8820000290870667,0.930400013923645,0.930400013923645,372953
2024-07-12,0.9599999785423279,0.9599999785423279,0.8999999761581421,0.9200000166893005,0.9200000166893005,39439
2024-07-15,0.9399999976158142,0.9800000190734863,0.8985000252723694,0.9200000166893005,0.9200000166893005,63021
2024-07-16,0.9697999954223633,1.0399999618530273,0.8999999761581421,1.0199999809265137,1.0199999809265137,99322
2024-07-17,1.0399999618530273,1.0499999523162842,0.9510999917984009,0.9700000286102295,0.9700000286102295,2035930
2024-07-18,1.0099999904632568,1.0099999904632568,0.8555999994277954,0.8716999888420105,0.8716999888420105,2900733
2024-07-19,0.8758999705314636,0.9100000262260437,0.8399999737739563,0.8961600065231323,0.8961600065231323,194177
2024-07-22,0.8799999952316284,0.9449999928474426,0.8788999915122986,0.8799999952316284,0.8799999952316284,129692
2024-07-23,0.8980000019073486,0.9399999976158142,0.8700000047683716,0.8867999911308289,0.8867999911308289,180384
2024-07-24,0.8798499703407288,0.8999500274658203,0.8403000235557556,0.8799999952316284,0.8799999952316284,64761
2024-07-25,0.8605999946594238,0.8877000212669373,0.8403000235557556,0.8877000212669373,0.8877000212669373,71934
2024-07-26,0.9200000166893005,0.9200000166893005,0.8503000140190125,0.909500002861023,0.909500002861023,13562
2024-07-29,0.878000020980835,0.9093999862670898,0.8661999702453613,0.8848999738693237,0.8848999738693237,31547
2024-07-30,0.9197999835014343,0.9197999835014343,0.8529000282287598,0.8700000047683716,0.8700000047683716,40490
2024-07-31,0.8999999761581421,0.8999999761581421,0.8500999808311462,0.8999999761581421,0.8999999761581421,33651
2024-08-01,0.8626999855041504,0.8988999724388123,0.8299999833106995,0.8461999893188477,0.8461999893188477,100558
2024-08-02,0.8884999752044678,0.88919997215271,0.8299999833106995,0.8510000109672546,0.8510000109672546,12680
2024-08-05,0.7998999953269958,0.800000011920929,0.699999988079071,0.7602999806404114,0.7602999806404114,62830
2024-08-06,0.7800999879837036,0.800000011920929,0.7669000029563904,0.7748200297355652,0.7748200297355652,87516
2024-08-07,0.7798399925231934,0.7979999780654907,0.7599999904632568,0.7602999806404114,0.7602999806404114,10629
2024-08-08,0.7700999975204468,0.800000011920929,0.7700999975204468,0.7825999855995178,0.7825999855995178,16166
2024-08-09,0.7710000276565552,0.8848999738693237,0.7447999715805054,0.8600000143051147,0.8600000143051147,81568
2024-08-12,0.8866000175476074,0.8866000175476074,0.800000011920929,0.8600000143051147,0.8600000143051147,7096
2024-08-13,0.8763999938964844,0.8763999938964844,0.7892000079154968,0.864799976348877,0.864799976348877,11320
2024-08-14,0.8698999881744385,0.8700000047683716,0.8015999794006348,0.8416000008583069,0.8416000008583069,8759
2024-08-15,0.8001000285148621,0.8424999713897705,0.8001000285148621,0.833299994468689,0.833299994468689,27421
2024-08-16,0.8700000047683716,0.8758999705314636,0.8199999928474426,0.8700000047683716,0.8700000047683716,17241
2024-08-19,0.8300999999046326,1.0399999618530273,0.8009999990463257,1.0199999809265137,1.0199999809265137,166409
2024-08-20,0.949999988079071,0.949999988079071,0.8899999856948853,0.8901000022888184,0.8901000022888184,50681
2024-08-21,0.86080002784729,0.9229999780654907,0.8118000030517578,0.8690999746322632,0.8690999746322632,35171
2024-08-22,0.896589994430542,0.896589994430542,0.8356000185012817,0.8690000176429749,0.8690000176429749,12998
2024-08-23,0.882099986076355,0.9200000166893005,0.8399999737739563,0.8799999952316284,0.8799999952316284,20712
2024-08-26,0.8999999761581421,0.8999999761581421,0.8500000238418579,0.8510000109672546,0.8510000109672546,18600
2024-08-27,0.8489999771118164,0.8700000047683716,0.8489999771118164,0.8518000245094299,0.8518000245094299,26886
2024-08-28,0.8109999895095825,0.8507999777793884,0.8100000023841858,0.8100000023841858,0.8100000023841858,30466
2024-08-29,0.8690000176429749,0.8980000019073486,0.8009999990463257,0.8399999737739563,0.8399999737739563,19499
2024-08-30,0.8300999999046326,0.8700000047683716,0.8199999928474426,0.8330000042915344,0.8330000042915344,14755
2024-09-03,0.8330000042915344,0.8500000238418579,0.7860000133514404,0.8199999928474426,0.8199999928474426,18133
2024-09-04,0.8065999746322632,0.8199999928474426,0.7599999904632568,0.791100025177002,0.791100025177002,22140
2024-09-05,0.839900016784668,0.839900016784668,0.7910000085830688,0.7925000190734863,0.7925000190734863,14013
2024-09-06,0.800000011920929,0.8001000285148621,0.7379999756813049,0.7680000066757202,0.7680000066757202,32414
2024-09-09,0.830299973487854,0.830299973487854,0.7360000014305115,0.7419999837875366,0.7419999837875366,38740
2024-09-10,0.75,0.7749999761581421,0.7149999737739563,0.7501000165939331,0.7501000165939331,19226
2024-09-11,0.7900000214576721,0.7900000214576721,0.6608999967575073,0.7400000095367432,0.7400000095367432,14966
2024-09-12,0.7401000261306763,0.7799999713897705,0.7400000095367432,0.7425500154495239,0.7425500154495239,38812
2024-09-13,0.7422000169754028,0.75,0.7300000190734863,0.7400000095367432,0.7400000095367432,22226
2024-09-16,0.7401000261306763,0.7401000261306763,0.7001000046730042,0.7075999975204468,0.7075999975204468,22868
2024-09-17,0.7080000042915344,0.800000011920929,0.6809999942779541,0.7505000233650208,0.7505000233650208,16642
2024-09-18,0.7599999904632568,0.7599999904632568,0.7171400189399719,0.7300000190734863,0.7300000190734863,8162
2024-09-19,0.7390000224113464,0.7506999969482422,0.7149999737739563,0.7437999844551086,0.7437999844551086,7828
2024-09-20,0.7400000095367432,0.8507000207901001,0.7099999785423279,0.8199999928474426,0.8199999928474426,189193
2024-09-23,0.8190000057220459,0.8828999996185303,0.8100000023841858,0.8299999833106995,0.8299999833106995,81553
2024-09-24,0.8100000023841858,0.8799999952316284,0.8100000023841858,0.8399999737739563,0.8399999737739563,75913
2024-09-25,0.8314999938011169,0.8500000238418579,0.7400000095367432,0.7900000214576721,0.7900000214576721,70476
2024-09-26,0.7599999904632568,0.8148999810218811,0.7200000286102295,0.7603999972343445,0.7603999972343445,122208
2024-09-27,0.7400000095367432,0.800000011920929,0.6930000185966492,0.7310000061988831,0.7310000061988831,284776
2024-09-30,0.75,0.800000011920929,0.7105000019073486,0.7599999904632568,0.7599999904632568,62198
2024-10-01,0.7419999837875366,0.7781000137329102,0.6600000262260437,0.7680000066757202,0.7680000066757202,82210
2024-10-02,0.7630000114440918,0.782800018787384,0.7400000095367432,0.7531999945640564,0.7531999945640564,37527
2024-10-03,0.7789999842643738,0.7799999713897705,0.7129999995231628,0.75,0.75,56136
2024-10-04,0.710099995136261,0.7491000294685364,0.6625000238418579,0.6899999976158142,0.6899999976158142,76185
